{
  "files": [
    {
      "fileName": "./runtimes/win/lib/net7.0/Microsoft.WSMan.Runtime.dll",
      "SPDXID": "SPDXRef-File--runtimes-win-lib-net7.0-Microsoft.WSMan.Runtime.dll-5B7DC082B9F2FE2501CE80EF914CDEADDCD576BC",
      "checksums": [
        {
          "algorithm": "SHA256",
          "checksumValue": "cfa1d54ff6dc9cbde88ee39141888afc5e3983b31d0b7380f4d1cb15fdb34c42"
        },
        {
          "algorithm": "SHA1",
          "checksumValue": "5b7dc082b9f2fe2501ce80ef914cdeaddcd576bc"
        }
      ],
      "licenseConcluded": "NOASSERTION",
      "licenseInfoInFiles": [
        "NOASSERTION"
      ],
      "copyrightText": "NOASSERTION"
    },
    {
      "fileName": "./ref/net7.0/System.Management.Automation.dll",
      "SPDXID": "SPDXRef-File--ref-net7.0-System.Management.Automation.dll-3CF5D3B8B29A1FC8DE3705D7D03642C923BA1F7F",
      "checksums": [
        {
          "algorithm": "SHA256",
          "checksumValue": "4d3cb91de6cebd9dca719e446f863d6847f734f738f98bd1336a606f71e750d2"
        },
        {
          "algorithm": "SHA1",
          "checksumValue": "3cf5d3b8b29a1fc8de3705d7d03642c923ba1f7f"
        }
      ],
      "licenseConcluded": "NOASSERTION",
      "licenseInfoInFiles": [
        "NOASSERTION"
      ],
      "copyrightText": "NOASSERTION"
    },
    {
      "fileName": "./ref/net7.0/System.Management.Automation.xml",
      "SPDXID": "SPDXRef-File--ref-net7.0-System.Management.Automation.xml-C362BDBE9B4BFDC19995B30D3A7179333670E082",
      "checksums": [
        {
          "algorithm": "SHA256",
          "checksumValue": "c91740633bd58eb7c73cc53a700773e1dc964e229ea165bfd33901bf5513437b"
        },
        {
          "algorithm": "SHA1",
          "checksumValue": "c362bdbe9b4bfdc19995b30d3a7179333670e082"
        }
      ],
      "licenseConcluded": "NOASSERTION",
      "licenseInfoInFiles": [
        "NOASSERTION"
      ],
      "copyrightText": "NOASSERTION"
    }
  ],
  "packages": [
    {
      "name": "Microsoft.WSMan.Runtime",
      "SPDXID": "SPDXRef-RootPackage",
      "downloadLocation": "NOASSERTION",
      "packageVerificationCode": {
        "packageVerificationCodeValue": "30244585564ce8e4841a09660c6932f2df9cbe46"
      },
      "filesAnalyzed": true,
      "licenseConcluded": "NOASSERTION",
      "licenseInfoFromFiles": [
        "NOASSERTION"
      ],
      "licenseDeclared": "NOASSERTION",
      "copyrightText": "NOASSERTION",
      "versionInfo": "7.3.0-preview.5",
      "supplier": "Organization: Microsoft",
      "hasFiles": [
        "SPDXRef-File--ref-net7.0-System.Management.Automation.xml-C362BDBE9B4BFDC19995B30D3A7179333670E082",
        "SPDXRef-File--ref-net7.0-System.Management.Automation.dll-3CF5D3B8B29A1FC8DE3705D7D03642C923BA1F7F",
        "SPDXRef-File--runtimes-win-lib-net7.0-Microsoft.WSMan.Runtime.dll-5B7DC082B9F2FE2501CE80EF914CDEADDCD576BC"
      ]
    }
  ],
  "externalDocumentRefs": [],
  "relationships": [
    {
      "relationshipType": "DESCRIBES",
      "relatedSpdxElement": "SPDXRef-RootPackage",
      "spdxElementId": "SPDXRef-DOCUMENT"
    }
  ],
  "spdxVersion": "SPDX-2.2",
  "dataLicense": "CC0-1.0",
  "SPDXID": "SPDXRef-DOCUMENT",
  "name": "Microsoft.WSMan.Runtime 7.3.0-preview.5",
  "documentNamespace": "https://sbom.microsoft/1:2QSF7qZlbE-F7QrUJlEo7g:pHp_nUFvDUijZ4LrJ4RhoQ/696:272343/Microsoft.WSMan.Runtime:7.3.0-preview.5:DHIG7p8ps0W8GdnLi0-ysQ",
  "creationInfo": {
    "created": "2022-06-14T18:38:56Z",
    "creators": [
      "Organization: Microsoft",
      "Tool: Microsoft.SBOMTool-2.1.36"
    ]
  },
  "documentDescribes": [
    "SPDXRef-RootPackage"
  ]
}